交易日期,股票代码,股票名称,买入价格,次日最高价,收益率,成功失败,single_pick_score,gain_4d,gain_5d,pct,turnover_pct,amount,ma_trend_score
2024-01-25,002052,同洲电子,2.46,2.58,4.88,成功,0.7917,21.78,18.84,5.13,0.18,3306200.0,0.3333
2024-01-26,600894,广日股份,5.0,5.12,2.4,失败,0.7281,19.33,8.7,3.95,0.85,53837400.0,0.3333
2024-02-07,688366,昊海生科,72.36,77.25,6.76,成功,0.8274,18.06,19.6,7.98,0.71,101215300.0,0.6667
2024-02-08,603010,万盛股份,9.42,9.64,2.34,失败,0.756,16.58,11.48,7.9,1.21,56362200.0,0.3333
2024-02-19,600817,宇通重工,6.93,6.94,0.14,失败,0.8376,26.69,13.98,6.94,0.58,24662300.0,0.3333
2024-02-20,688225,亚信安全,15.1,15.39,1.92,失败,0.9007,24.69,33.27,5.45,0.61,17003300.0,0.6667
2024-02-21,002656,摩登大道,1.46,1.53,4.79,成功,0.8679,20.66,20.66,5.04,0.59,5183500.0,0.6667
2024-02-22,300641,正丹股份,2.28,2.58,13.16,成功,0.8847,24.59,61.7,6.05,1.01,18530500.0,0.6667
2024-02-23,002309,中利集团,2.25,2.36,4.89,成功,0.8416,21.62,24.31,5.14,0.1,1979600.0,0.6667
2024-02-26,603117,万林物流,3.28,3.44,4.88,成功,0.8413,17.14,22.85,5.13,0.39,7987500.0,0.6667
2024-02-27,300641,正丹股份,2.81,2.92,3.91,成功,0.8436,30.7,34.45,6.44,1.02,21169100.0,0.6667
2024-03-01,600589,大位科技,3.85,3.95,2.6,成功,0.7222,12.9,11.27,4.62,1.42,78498700.0,1.0
2024-03-05,002656,摩登大道,1.81,1.9,4.97,成功,0.7667,17.53,11.73,5.23,1.38,14821000.0,1.0
2024-03-11,603001,奥康国际,4.61,4.77,3.47,成功,0.8095,15.25,14.68,5.25,0.64,12470000.0,1.0
2024-03-14,688070,纵横股份,34.98,37.3,6.63,成功,0.7292,18.02,24.04,5.33,1.91,57718500.0,1.0
2024-03-18,688456,有研粉材,26.41,27.18,2.92,成功,0.7857,19.29,23.07,8.55,1.9,51416100.0,1.0
2024-03-20,688456,有研粉材,27.54,28.72,4.28,成功,0.725,15.62,21.05,5.92,1.32,37586800.0,1.0
2024-03-21,002951,金时科技,5.31,5.63,6.03,成功,0.7292,18.79,20.68,5.99,1.11,28037300.0,1.0
2024-03-25,002951,金时科技,5.86,6.2,5.8,成功,0.8125,21.33,23.63,5.97,0.09,2561900.0,1.0
2024-04-01,688335,复洁科技,11.17,12.34,10.47,成功,0.7222,10.92,11.25,7.4,1.38,24079400.0,1.0
2024-04-02,688335,复洁科技,11.82,11.81,-0.08,失败,0.7611,19.64,17.38,5.82,1.55,28778700.0,1.0
2024-04-19,605183,确成股份,15.04,15.06,0.13,失败,0.7222,11.57,15.51,4.88,1.63,105907400.0,1.0
2024-04-22,688625,呈和科技,16.91,18.64,10.23,成功,0.716,12.36,8.19,4.19,0.35,10026600.0,0.6667
2024-04-24,688358,祥生医疗,28.7,29.64,3.28,成功,0.7407,14.66,14.02,3.99,1.12,38599600.0,0.6667
2024-04-25,000692,惠天热电,2.39,2.51,5.02,成功,0.7847,20.71,14.9,4.82,0.15,1900500.0,0.3333
2024-04-26,000692,惠天热电,2.51,2.64,5.18,成功,0.8156,21.26,26.77,5.02,1.16,15540900.0,0.6667
2024-04-29,688056,莱伯泰科,23.53,23.99,1.95,失败,0.8299,20.05,23.52,6.23,0.99,16538300.0,0.6667
2024-04-30,000839,国安股份,2.18,2.25,3.21,成功,0.7412,19.78,19.13,4.81,0.9,75531100.0,0.6667
2024-05-06,603001,奥康国际,4.4,4.56,3.64,成功,0.7799,18.28,18.6,5.26,0.82,15368900.0,0.6667
2024-05-07,000692,惠天热电,2.86,2.99,4.55,成功,0.8661,13.94,19.67,5.15,0.9,13611700.0,1.0
2024-05-08,000809,和展能源,1.98,2.08,5.05,成功,0.75,21.47,15.12,4.76,0.17,2760000.0,0.6667
2024-05-09,000809,和展能源,2.08,2.18,4.81,成功,0.8712,21.64,27.61,5.05,0.12,1992100.0,1.0
2024-05-14,002310,东方新能,1.07,1.12,4.67,成功,0.7361,20.22,25.88,4.9,0.1,2873300.0,0.6667
2024-05-15,002310,东方新能,1.12,1.18,5.36,成功,0.7083,21.74,25.84,4.67,0.16,4790700.0,0.6667
2024-05-17,600530,交大昂立,2.21,2.32,4.98,成功,0.7333,18.18,15.1,5.24,0.57,9736400.0,1.0
2024-05-20,002141,贤丰控股,1.05,1.1,4.76,成功,0.8571,22.09,28.05,5.0,0.15,1760400.0,0.6667
2024-05-21,600530,交大昂立,2.44,2.56,4.92,成功,0.7833,18.45,24.49,5.17,0.84,15617400.0,1.0
2024-05-22,600530,交大昂立,2.56,2.69,5.08,成功,0.7333,21.9,24.27,4.92,0.83,16229100.0,1.0
2024-06-13,002742,冀衡医药,1.46,1.54,5.48,成功,0.8567,20.66,14.96,4.29,0.07,484200.0,0.3333
2024-06-17,002742,冀衡医药,1.62,1.69,4.32,成功,0.7708,21.8,28.57,5.19,0.46,3346500.0,0.6667
2024-06-18,002742,冀衡医药,1.69,1.78,5.33,成功,0.7292,20.71,27.07,4.32,0.11,805700.0,0.6667
2024-06-25,603117,万林物流,3.98,4.18,5.03,成功,0.7083,21.34,23.6,5.01,0.15,3870800.0,1.0
2024-06-28,603030,全筑股份,1.68,1.76,4.76,成功,0.8929,16.67,22.63,5.0,0.78,17133300.0,0.6667
2024-07-01,603030,全筑股份,1.76,1.85,5.11,成功,0.7976,16.56,22.22,4.76,0.78,17994700.0,0.6667
2024-07-02,603030,全筑股份,1.85,1.94,4.86,成功,0.8542,16.35,22.52,5.11,0.4,9814100.0,0.6667
2024-07-03,603030,全筑股份,1.94,2.01,3.61,成功,0.8056,21.25,22.01,4.86,0.11,2688700.0,1.0
2024-07-05,603030,全筑股份,2.0,2.02,1.0,失败,0.75,13.64,19.05,5.26,1.38,36060900.0,1.0
2024-07-09,000908,石药景峰,0.63,0.66,4.76,成功,0.7292,21.15,28.57,5.0,0.22,1585200.0,0.6667
2024-07-10,000908,石药景峰,0.66,0.7,6.06,成功,0.8611,20.0,26.92,4.76,0.32,2448400.0,0.6667
2024-07-11,000908,石药景峰,0.7,0.73,4.29,成功,0.875,22.81,27.27,6.06,0.27,2148100.0,0.6667
2024-07-12,000908,石药景峰,0.73,0.77,5.48,成功,0.825,21.67,28.07,4.29,0.22,1860500.0,0.6667
2024-07-15,000908,石药景峰,0.77,0.81,5.19,成功,0.8646,22.22,28.33,5.48,0.12,1053800.0,0.6667
2024-07-16,000908,石药景峰,0.81,0.85,4.94,成功,0.8958,22.73,28.57,5.19,0.17,1613200.0,1.0
2024-07-17,000908,石药景峰,0.85,0.89,4.71,成功,0.75,21.43,28.79,4.94,0.52,5040000.0,1.0
2024-07-18,002742,冀衡医药,2.05,2.15,4.88,成功,0.8333,22.02,22.75,5.13,0.13,1181300.0,1.0
2024-07-19,000908,石药景峰,0.94,0.99,5.32,成功,0.8125,22.08,28.77,5.62,0.22,2370500.0,1.0
2024-07-22,000908,石药景峰,0.99,1.03,4.04,成功,0.875,22.22,28.57,5.32,0.12,1390900.0,1.0
2024-07-23,000908,石药景峰,1.03,1.09,5.83,成功,0.75,21.18,27.16,4.04,0.25,2925500.0,1.0
2024-07-24,000908,石药景峰,1.09,1.14,4.59,成功,0.8333,22.47,28.24,5.83,0.21,2647400.0,1.0
2024-07-25,000908,石药景峰,1.14,1.2,5.26,成功,0.8333,21.28,28.09,4.59,0.34,4476400.0,1.0
2024-07-29,000659,珠海中富,1.89,1.96,3.7,成功,0.7708,15.24,15.24,5.0,1.96,46666200.0,1.0
2024-07-30,000908,石药景峰,1.31,1.38,5.34,成功,0.8417,20.18,27.18,4.8,0.3,4476300.0,1.0
2024-07-31,688597,煜邦电力,5.57,5.78,3.77,成功,0.7556,19.53,21.35,3.15,1.29,24258000.0,1.0
2024-08-01,688283,坤恒顺维,22.4,22.75,1.56,失败,0.7333,12.34,16.0,5.66,1.21,23375300.0,1.0
2024-08-02,000908,石药景峰,1.52,1.59,4.61,成功,0.8333,21.6,28.81,5.56,0.16,2799300.0,1.0
2024-08-05,300555,ST路通,6.09,6.15,0.99,失败,0.7083,16.67,16.22,3.92,1.53,18220900.0,1.0
2024-08-07,000908,石药景峰,1.76,1.85,5.11,成功,0.7708,22.22,27.54,4.76,0.19,3835200.0,1.0
2024-08-08,000908,石药景峰,1.85,1.94,4.86,成功,0.8333,21.71,28.47,5.11,0.19,4070300.0,1.0
2024-08-22,000908,石药景峰,2.24,2.35,4.91,成功,0.7917,21.74,28.0,5.16,0.47,12122100.0,1.0
2024-08-26,002951,金时科技,3.74,3.98,6.42,成功,0.7917,24.67,22.62,6.55,0.14,2747000.0,1.0
2024-08-27,000908,石药景峰,2.59,2.72,5.02,成功,0.75,21.6,27.59,5.28,0.25,7338100.0,1.0
2024-08-28,600777,新潮能源,2.13,2.02,-5.16,失败,0.8333,15.76,17.03,4.93,0.08,11281200.0,1.0
2024-08-29,002951,金时科技,4.08,4.33,6.13,成功,0.9306,16.24,23.64,6.25,0.25,5177500.0,1.0
2024-08-30,000908,石药景峰,3.0,3.15,5.0,成功,0.8333,21.95,27.66,5.26,0.41,14270000.0,1.0
2024-09-02,002951,金时科技,4.6,4.88,6.09,成功,0.7407,15.58,22.99,6.24,0.74,16351800.0,1.0
2024-09-03,002289,宇顺电子,3.39,3.56,5.01,成功,0.8657,21.51,25.09,4.95,0.12,1093600.0,1.0
2024-09-04,002721,金一文化,2.34,2.46,5.13,成功,0.75,10.9,11.43,4.46,0.45,27886700.0,1.0
2024-09-05,603007,顺景科技,3.13,3.28,4.79,成功,0.7708,13.82,15.93,5.03,0.48,11397500.0,0.6667
2024-09-13,603007,顺景科技,3.6,3.79,5.28,成功,0.7222,15.38,15.02,4.96,0.35,9614500.0,1.0
2024-09-19,603033,三维股份,12.1,12.75,5.37,成功,0.7083,15.24,21.12,7.27,0.98,117460600.0,1.0
2024-09-20,603033,三维股份,12.7,12.99,2.28,失败,0.7222,15.25,20.95,4.96,0.91,115357100.0,1.0
2024-09-24,603515,欧普照明,14.09,14.44,2.48,失败,0.8132,15.21,16.64,8.05,0.53,60636200.0,0.6667
2024-09-25,000761,本钢板材,2.87,3.16,10.1,成功,0.7569,16.67,18.11,7.09,1.5,161056000.0,1.0
2024-09-26,603515,欧普照明,14.73,16.24,10.25,成功,0.8801,17.37,15.71,7.05,0.41,48526400.0,1.0
2024-09-27,688600,皖仪科技,14.25,16.06,12.7,成功,0.9019,20.05,18.85,9.45,0.49,9262300.0,1.0
2024-09-30,603948,建业股份,16.92,18.81,11.17,成功,0.7963,20.26,26.17,9.3,1.51,44993000.0,1.0
2024-10-08,688625,呈和科技,21.07,20.4,-3.18,失败,0.7667,34.46,35.76,9.28,1.16,64106400.0,0.6667
2024-10-10,688683,莱尔科技,18.82,19.0,0.96,失败,0.7244,28.73,35.01,6.15,1.64,47542200.0,1.0
2024-10-11,002052,同洲电子,2.35,2.47,5.11,成功,0.75,21.76,25.0,4.91,0.27,4744900.0,1.0
2024-10-14,002052,同洲电子,2.47,2.59,4.86,成功,0.75,21.67,27.98,5.11,0.36,6543000.0,1.0
2024-10-15,002052,同洲电子,2.59,2.72,5.02,成功,0.7833,21.6,27.59,4.86,0.3,5715500.0,1.0
2024-10-16,002742,冀衡医药,3.07,3.22,4.89,成功,0.7222,21.34,27.92,4.78,0.56,7701800.0,1.0
2024-10-18,000506,招金黄金,1.76,1.85,5.11,成功,0.8333,21.38,26.62,4.76,0.23,3713800.0,1.0
2024-10-21,000506,招金黄金,1.85,1.94,4.86,成功,0.8611,21.71,27.59,5.11,0.18,3155400.0,1.0
2024-10-22,000506,招金黄金,1.94,2.04,5.15,成功,0.8333,21.25,27.63,4.86,0.06,1080200.0,1.0
2024-10-23,000506,招金黄金,2.04,2.14,4.9,成功,0.8214,21.43,27.5,5.15,0.08,1448000.0,1.0
2024-10-25,000506,招金黄金,2.25,2.36,4.89,成功,0.8846,21.62,27.84,5.14,0.2,4127000.0,1.0
2024-10-28,000506,招金黄金,2.36,2.48,5.08,成功,0.8368,21.65,27.57,4.89,0.05,1183300.0,1.0
2024-10-29,002310,东方新能,1.6,1.68,5.0,成功,0.7083,17.65,15.94,5.26,0.12,5201200.0,1.0
2024-10-30,600234,科新发展,4.47,4.69,4.92,成功,0.75,21.14,21.47,4.93,0.21,2453200.0,1.0
2024-10-31,000506,招金黄金,2.73,2.87,5.13,成功,0.7778,21.33,27.57,5.0,0.13,3414200.0,1.0
2024-11-01,000506,招金黄金,2.87,3.01,4.88,成功,0.8333,21.61,27.56,5.13,0.31,8274200.0,1.0
2024-11-04,000506,招金黄金,3.01,3.16,4.98,成功,0.7778,21.37,27.54,4.88,0.11,3198800.0,1.0
2024-11-05,000506,招金黄金,3.16,3.32,5.06,成功,0.7963,21.54,27.42,4.98,0.29,8380100.0,1.0
2024-11-06,000506,招金黄金,3.32,3.49,5.12,成功,0.7812,21.61,27.69,5.06,0.26,8059000.0,1.0
2024-11-07,002700,万憬能源,10.36,10.88,5.02,成功,0.7901,21.74,18.94,5.07,1.31,45747800.0,1.0
2024-11-08,000506,招金黄金,3.66,3.84,4.92,成功,0.8148,21.59,27.53,4.87,0.24,8269500.0,1.0
2024-11-11,002310,东方新能,2.38,2.5,5.04,成功,0.7549,21.43,24.61,4.85,0.15,9882200.0,1.0
2024-11-21,002052,同洲电子,4.48,4.7,4.91,成功,0.7222,17.59,14.58,4.92,0.28,9500300.0,1.0
2024-11-25,002052,同洲电子,4.81,5.05,4.99,成功,0.8333,18.18,23.97,5.02,0.55,19539800.0,1.0
2024-11-26,000615,*ST美谷,2.87,3.01,4.88,成功,0.8333,21.61,27.56,4.74,0.24,6093800.0,1.0
2024-11-28,002052,同洲电子,5.57,5.85,5.03,成功,0.7917,21.62,24.33,5.09,0.99,40952500.0,1.0
2024-11-29,603708,家家悦,10.3,10.76,4.47,成功,0.7917,11.23,13.06,3.94,1.61,109244100.0,0.6667
2024-12-02,688293,奥浦迈,47.35,47.52,0.36,失败,0.7188,13.09,11.81,4.0,1.5,55533400.0,1.0
2024-12-04,002005,德豪润达,1.96,2.04,4.08,成功,0.7917,12.0,15.98,4.81,0.47,16054000.0,1.0
2024-12-11,002052,同洲电子,6.81,6.97,2.35,失败,0.7292,17.21,11.27,4.93,1.3,65817700.0,1.0
2024-12-25,000506,招金黄金,4.02,4.22,4.98,成功,0.7778,17.54,21.82,4.96,0.2,7311800.0,1.0
2025-01-03,603007,顺景科技,11.09,11.64,4.96,成功,0.75,21.6,27.62,5.02,0.0,108500.0,1.0
2025-01-09,002309,中利集团,2.56,2.69,5.08,成功,0.7778,21.9,28.0,4.92,0.1,3144400.0,1.0
2025-01-13,002309,中利集团,2.82,2.96,4.96,成功,0.75,21.55,27.6,4.83,0.08,2655900.0,1.0
2025-01-14,002310,东方新能,1.92,2.02,5.21,成功,0.7794,13.61,15.66,4.92,0.48,38290800.0,0.6667
2025-01-16,688293,奥浦迈,38.53,44.16,14.61,成功,0.7222,11.33,9.83,5.59,1.27,37603800.0,0.6667
2025-01-17,002656,摩登大道,1.61,1.69,4.97,成功,0.8333,21.97,16.67,5.23,0.46,4533400.0,1.0
2025-01-21,002656,摩登大道,1.77,1.86,5.08,成功,0.7833,21.23,27.34,4.73,0.29,3143500.0,1.0
2025-01-22,002656,摩登大道,1.86,1.95,4.84,成功,0.7083,21.57,27.4,5.08,0.2,2288900.0,1.0
2025-01-23,600777,新潮能源,2.71,2.8,3.32,成功,0.8333,21.52,25.46,5.04,0.1,16850000.0,1.0
2025-02-05,688030,山石网科,15.82,16.5,4.3,成功,0.7222,11.49,10.55,5.75,1.69,48055600.0,1.0
2025-02-10,688011,新光光电,17.03,17.25,1.29,失败,0.8218,13.16,11.38,5.06,1.05,17560500.0,1.0
2025-02-12,688466,金科环境,15.01,15.22,1.4,失败,0.7083,10.69,13.03,4.38,1.31,24964700.0,1.0
2025-02-27,603898,好莱客,9.93,10.01,0.81,失败,0.75,10.58,11.45,3.22,0.97,29537200.0,1.0
2025-03-13,002052,同洲电子,4.95,5.2,5.05,成功,0.8333,21.32,27.25,5.1,0.62,22780400.0,0.6667
2025-03-17,002052,同洲电子,5.46,5.73,4.95,成功,0.7167,21.6,27.57,5.0,1.04,42194900.0,0.6667
2025-03-25,002141,贤丰控股,1.62,1.7,4.94,成功,0.8056,11.72,10.96,5.19,0.1,1615300.0,1.0
2025-03-26,002141,贤丰控股,1.7,1.79,5.29,成功,0.8333,14.86,17.24,4.94,0.14,2517000.0,1.0
2025-04-02,002289,宇顺电子,5.27,5.53,4.93,成功,0.7778,14.07,12.13,4.98,0.37,5009100.0,1.0
2025-04-14,600303,曙光股份,3.51,3.69,5.13,成功,0.7708,14.71,9.01,5.09,0.06,1353800.0,0.3333
2025-04-15,600303,曙光股份,3.69,3.87,4.88,成功,0.8913,21.78,20.59,5.13,0.19,4840500.0,0.6667
2025-04-16,002289,宇顺电子,6.05,6.35,4.96,成功,0.8333,21.49,27.64,5.03,0.23,3582800.0,1.0
2025-04-17,002289,宇顺电子,6.35,6.67,5.04,成功,0.881,21.41,27.51,4.96,0.39,6360900.0,1.0
2025-04-21,002289,宇顺电子,6.72,7.06,5.06,成功,0.8333,16.67,22.4,5.0,0.86,14634100.0,1.0
2025-04-23,002052,同洲电子,7.46,7.83,4.96,成功,0.9091,21.7,16.38,5.07,0.06,3315700.0,1.0
2025-04-24,002052,同洲电子,7.83,8.22,4.98,成功,0.7976,21.58,27.73,4.96,0.16,8972400.0,1.0
2025-04-25,002200,交投生态,5.98,6.28,5.02,成功,0.7833,15.67,17.03,4.91,0.26,3286500.0,1.0
2025-04-28,002200,交投生态,6.28,6.59,4.94,成功,0.7222,15.65,21.47,5.02,0.29,3832500.0,1.0
2025-05-06,002868,绿康生化,18.5,19.43,5.03,成功,0.8519,33.48,30.28,4.99,0.17,4781000.0,1.0
2025-05-07,000691,亚太实业,2.86,3.0,4.9,成功,0.8229,27.68,40.2,5.15,0.38,4476000.0,1.0
2025-05-08,002289,宇顺电子,10.43,10.95,4.99,成功,0.8258,21.56,27.66,5.04,0.19,5409500.0,1.0
2025-05-12,002289,宇顺电子,11.5,12.08,5.04,成功,0.7167,21.56,27.64,5.02,0.07,2380500.0,1.0
2025-05-13,002289,宇顺电子,12.08,12.68,4.97,成功,0.7708,21.65,27.7,5.04,0.1,3250100.0,1.0
2025-05-14,002289,宇顺电子,12.68,13.31,4.97,成功,0.7778,21.57,27.69,4.97,0.08,2739500.0,1.0
2025-05-15,603389,亚振家居,9.04,9.49,4.98,成功,0.75,21.51,27.5,4.99,0.17,4131500.0,1.0
2025-05-19,002868,绿康生化,22.51,23.64,5.02,成功,0.7778,21.54,17.3,4.99,0.14,4703000.0,1.0
2025-05-20,002868,绿康生化,23.64,24.82,4.99,成功,0.8333,21.54,27.65,5.02,0.03,1223600.0,1.0
2025-05-26,002289,宇顺电子,15.27,16.03,4.98,成功,0.7917,14.9,20.43,5.02,0.44,18727800.0,1.0
2025-05-29,600358,国旅联合,4.97,5.22,5.03,成功,0.7083,11.94,13.73,5.07,0.2,5107700.0,1.0
2025-06-03,600358,国旅联合,5.48,5.75,4.93,成功,0.7083,21.78,23.7,4.98,0.52,14285800.0,1.0
2025-06-04,600358,国旅联合,5.75,6.04,5.04,成功,0.7778,21.56,27.78,4.93,0.94,27348100.0,1.0
2025-06-06,002199,东晶电子,6.9,7.25,5.07,成功,0.7222,21.48,18.76,5.02,0.18,2949800.0,1.0
2025-06-09,002199,东晶电子,7.25,7.61,4.97,成功,0.7222,21.64,27.64,5.07,0.61,10750300.0,1.0
2025-06-11,600358,国旅联合,7.34,7.71,5.04,成功,0.7778,21.52,27.65,5.01,0.68,25077700.0,1.0
2025-06-30,002005,德豪润达,2.6,2.69,3.46,成功,0.75,19.27,25.0,4.84,0.95,42852700.0,1.0
2025-07-07,603389,亚振家居,18.73,19.67,5.02,成功,0.7917,21.54,27.59,4.99,0.27,13310300.0,1.0
2025-07-10,600777,新潮能源,3.72,3.91,5.11,成功,0.7833,17.35,16.61,5.08,0.08,19649900.0,1.0
2025-07-17,600777,新潮能源,4.42,4.64,4.98,成功,0.7083,13.04,18.82,4.99,0.08,22154500.0,1.0
2025-07-21,603389,亚振家居,22.7,23.84,5.02,成功,0.8333,21.52,27.6,5.0,0.35,20881300.0,1.0
2025-07-22,603389,亚振家居,23.84,25.03,4.99,成功,0.7292,21.57,27.62,5.02,1.61,100411800.0,1.0
2025-08-05,603389,亚振家居,26.1,27.41,5.02,成功,0.75,21.51,27.57,4.99,0.12,8015800.0,1.0
2025-08-06,603869,ST智知,7.82,8.06,3.07,成功,0.7778,13.99,14.49,3.99,0.86,32897900.0,1.0
2025-08-08,002289,宇顺电子,25.99,27.29,5.0,成功,0.8333,21.56,27.65,5.01,0.83,59935300.0,1.0
2025-08-13,300669,沪宁股份,33.9,34.0,0.29,失败,0.7083,14.92,19.24,6.14,1.48,89264700.0,1.0
2025-08-19,600360,华微电子,9.4,9.87,5.0,成功,0.7083,10.59,12.31,5.03,0.1,8709800.0,1.0
2025-08-26,601886,江河集团,7.93,7.8,-1.64,失败,0.7083,11.22,11.06,7.89,1.17,108381300.0,1.0
2025-09-11,002058,威尔泰,22.74,23.88,5.01,成功,0.75,21.54,27.61,4.99,0.85,27604100.0,1.0
2025-09-16,002058,威尔泰,26.32,27.64,5.02,成功,0.8542,21.51,27.58,4.99,0.08,3155800.0,1.0
2025-09-17,000691,亚太实业,6.67,7.0,4.95,成功,0.7778,21.49,27.53,5.04,0.13,3692900.0,0.6667
2025-10-09,002713,东易日盛,4.43,4.65,4.97,成功,0.75,14.77,13.59,4.98,0.28,6840200.0,1.0
2025-10-10,002713,东易日盛,4.65,4.88,4.95,成功,0.8542,21.41,20.47,4.97,0.27,6901100.0,1.0
2025-10-15,002713,东易日盛,5.39,5.65,4.82,成功,0.8542,21.67,27.73,5.07,0.34,10202800.0,1.0
2025-10-21,603007,顺景科技,6.87,7.21,4.95,成功,0.7083,13.93,12.99,5.05,1.07,36451200.0,1.0
2025-10-24,603828,*ST利达,6.24,6.55,4.97,成功,0.7083,18.63,20.0,3.65,1.69,63173700.0,1.0
2025-10-27,000908,石药景峰,5.26,5.52,4.94,成功,0.7778,20.37,22.33,4.99,0.27,18554500.0,1.0
2025-10-28,002047,宝鹰股份,2.66,2.79,4.89,成功,0.75,20.91,21.46,5.14,0.05,2049000.0,0.6667
2025-10-29,002047,宝鹰股份,2.79,2.93,5.02,成功,0.7778,20.78,26.82,4.89,0.05,2116200.0,1.0
2025-11-03,002047,宝鹰股份,3.23,3.39,4.95,成功,0.7917,21.43,27.67,4.87,0.05,2334300.0,1.0
2025-11-05,000736,中交发展,6.49,6.81,4.93,成功,0.75,21.54,23.62,5.02,0.22,10397600.0,1.0
2025-11-06,002047,宝鹰股份,3.74,3.8,1.6,失败,0.7222,21.43,27.65,5.06,0.33,18659200.0,1.0
2025-11-10,002713,东易日盛,11.29,11.85,4.96,成功,0.75,21.53,27.71,5.02,1.18,73879800.0,1.0
2025-11-11,002868,绿康生化,35.02,36.77,5.0,成功,0.7292,21.56,19.2,5.01,0.08,4188400.0,1.0
2025-11-12,002713,东易日盛,12.45,13.07,4.98,成功,0.7917,21.58,27.69,5.06,0.1,7256800.0,1.0
2025-11-14,002868,绿康生化,40.54,42.57,5.01,成功,0.7083,21.56,27.64,5.0,0.13,8270200.0,1.0
2025-12-12,001270,铖昌科技,61.02,64.08,5.01,成功,0.8333,18.79,24.76,5.03,0.14,16821500.0,1.0
2025-12-17,001270,铖昌科技,70.66,74.2,5.01,成功,0.8056,21.62,27.73,5.01,0.35,49751400.0,1.0
2025-12-23,603389,亚振家居,39.0,40.95,5.0,成功,0.75,17.47,23.34,4.0,0.85,86462800.0,0.6667
2025-12-24,603389,亚振家居,40.95,43.0,5.01,成功,0.7222,17.47,23.34,5.0,1.09,116320000.0,0.6667
2025-12-25,603389,亚振家居,43.0,45.15,5.0,成功,0.7222,17.49,23.35,5.01,0.65,73566500.0,0.6667
2026-01-05,002713,东易日盛,9.43,9.9,4.98,成功,0.8333,17.0,22.95,5.01,0.01,315900.0,1.0
2026-01-06,002713,东易日盛,9.9,10.4,5.05,成功,0.7917,21.62,22.83,4.98,0.01,389700.0,1.0
2026-01-07,002713,东易日盛,10.4,10.92,5.0,成功,0.8194,21.64,27.76,5.05,0.01,459500.0,1.0
2026-01-08,000691,亚太实业,8.57,9.0,5.02,成功,0.7222,21.56,17.24,5.02,0.01,201400.0,1.0
2026-01-09,002713,东易日盛,11.47,12.04,4.97,成功,0.8167,21.63,27.73,5.04,0.13,7709000.0,1.0
2026-01-12,000691,亚太实业,9.45,9.92,4.97,成功,0.8194,21.62,27.7,5.0,0.02,695500.0,1.0
2026-01-14,000691,亚太实业,10.42,10.42,0.0,失败,0.8333,21.59,27.7,5.04,0.35,11681900.0,1.0
2026-01-15,000608,阳光股份,3.2,3.36,5.0,成功,0.7917,21.67,21.67,4.92,0.16,3700300.0,1.0
2026-01-16,000608,阳光股份,3.36,3.52,4.76,成功,0.7917,21.74,27.76,5.0,0.11,2758500.0,1.0
2026-01-19,002047,宝鹰股份,4.42,4.64,4.98,成功,0.7917,13.04,13.04,4.99,1.84,121264800.0,1.0
2026-01-21,603389,亚振家居,51.65,51.8,0.29,失败,0.7083,12.11,15.7,5.0,1.08,146103700.0,1.0
2026-01-27,688196,卓越新能,86.8,87.17,0.43,失败,0.7917,13.33,12.74,3.64,1.12,113969700.0,1.0
2026-02-27,603580,艾艾精工,17.19,18.05,5.0,成功,0.7222,21.48,20.46,5.01,0.81,18069700.0,0.6667
2026-03-10,000504,南华生物,9.96,10.44,4.82,成功,0.8512,14.48,15.14,4.95,1.2,39174400.0,1.0
2026-03-13,000908,石药景峰,5.05,5.3,4.95,成功,0.75,15.56,21.39,4.99,0.01,497400.0,0.6667
2026-03-18,000908,石药景峰,5.85,6.14,4.96,成功,0.8333,21.62,27.73,5.03,0.01,403700.0,1.0
2026-03-19,000908,石药景峰,6.14,6.45,5.05,成功,0.7083,21.58,27.65,4.96,0.04,2222500.0,1.0
2026-03-27,605055,迎丰股份,9.14,9.74,6.56,成功,0.71,15.26,6.9,5.18,1.42,56367900.0,0.3333
2026-04-07,688656,浩欧博,138.29,142.48,3.03,成功,0.7292,13.92,10.87,4.8,1.24,107483300.0,0.6667
2026-04-10,603813,原尚股份,26.41,27.73,5.0,成功,0.8056,21.59,15.53,5.01,1.4,38716600.0,0.3333
2026-04-13,603813,原尚股份,27.73,29.12,5.01,成功,0.8229,21.57,27.67,5.0,0.51,14931000.0,0.6667
2026-04-14,603813,原尚股份,29.12,30.56,4.95,成功,0.8056,21.59,27.66,5.01,0.53,16287800.0,0.6667
2026-04-17,688611,杭州柯林,62.38,65.88,5.61,成功,0.7778,21.36,19.02,6.8,1.64,154592200.0,1.0
2026-04-23,603813,原尚股份,33.31,34.98,5.01,成功,0.7222,21.57,16.84,5.01,0.12,4356900.0,1.0
2026-04-30,002289,宇顺电子,36.56,38.39,5.01,成功,0.8056,21.54,15.48,5.0,0.16,15597000.0,1.0
2026-05-06,002289,宇顺电子,38.39,40.31,5.0,成功,0.7917,21.56,27.63,5.01,0.09,9670400.0,1.0
2026-05-07,002289,宇顺电子,40.31,42.33,5.01,成功,0.8333,21.56,27.64,5.0,0.21,23363800.0,1.0
2026-05-08,003004,声迅股份,38.33,40.25,5.01,成功,0.8214,19.74,19.41,5.01,0.17,4442400.0,1.0
2026-05-11,000668,荣丰控股,19.1,20.06,5.03,成功,0.8,21.73,23.62,5.06,0.5,14111800.0,1.0
2026-05-12,603580,艾艾精工,27.07,28.09,3.77,成功,0.7708,21.55,27.63,5.0,0.35,12433300.0,1.0
2026-05-14,002199,东晶电子,14.61,15.34,5.0,成功,0.7917,21.55,27.6,5.03,0.76,25768300.0,1.0
2026-06-12,301177,迪阿股份,27.06,28.19,4.18,成功,0.8125,16.89,13.32,7.04,0.68,71684900.0,0.6667
2026-06-15,603281,江瀚新材,25.55,26.2,2.54,成功,0.7083,12.41,16.45,5.67,1.22,163567900.0,0.6667
2026-06-17,603580,艾艾精工,26.05,27.35,4.99,成功,0.7222,12.48,11.52,5.0,1.19,39693000.0,0.6667
2026-07-01,605296,神农集团,29.4,29.99,2.01,失败,0.7381,18.79,17.84,5.45,1.29,195298200.0,1.0
2026-07-02,600289,ST信通,6.08,6.19,1.81,失败,0.7083,13.22,17.37,3.75,1.06,36419800.0,0.6667
2026-07-03,600119,*ST长投,4.88,5.0,2.46,失败,0.777,17.31,15.64,3.83,1.24,21821900.0,0.6667
